policy,noise_pct,congestion,capacity,n,carbon_mean,carbon_std,avg_jct_mean,avg_jct_std,tail_jct_mean,tail_jct_std,preemptions_mean,preemptions_std,jobs_completed_mean,jobs_completed_std,carbon_ci95,avg_jct_ci95,tail_jct_ci95,preemptions_ci95,jobs_completed_ci95,carbon_per_completed_job_mean,tradeoff_score
srtf,20.0,high,6,30,58.24931666939169,3.492982464192273,1.0523580957382601,0.15197254572532895,4.987916666666663,1.027343684215795,58.46666666666667,11.500324832993535,198.2,5.254882786841995,1.249947721890618,0.05438267705796201,0.3676302159682306,4.115338388716029,1.8804356550739953,0.29389160781731427,0.5972782029856927
q_drl,20.0,high,6,30,57.750818414403376,3.0828656263437058,1.1854581717131907,0.17346951651924483,5.3118055555555515,1.169832569874404,95.36666666666666,41.69468942727337,197.33333333333334,5.422388666498806,1.1031892962664172,0.06207526926157556,0.4186192088559737,14.920252992626654,1.940376864291812,0.2926561743973144,0.6497769733236649
las_proxy,20.0,high,6,30,57.730583203512,2.9673855282510857,1.323604982658477,0.269947805395157,5.189722222222219,1.0605228580466028,557.0666666666667,99.7413666934891,182.0,8.975061233102041,1.0618652738831686,0.09659958154444229,0.3795032308399561,35.69198968355338,3.2116844150086115,0.3172010066127033,0.7197625970310128
q_drl_guarded,20.0,high,6,30,55.791756899193985,2.4637050889635215,1.4243947683052132,0.29229124805424966,6.3316666666666634,1.6275718669208845,200.83333333333334,62.56311755468168,196.3,6.029525057066526,0.8816255434801873,0.104595079814825,0.5824191126425983,22.38792409166378,2.1576378314013342,0.28421679520730503,0.7402879844464683
gaia_proxy,20.0,high,6,30,55.86525639566178,2.7822036476193204,1.6872030737321422,0.3306511328018632,6.745416666666663,1.6540645506857483,496.23333333333335,81.828113933324,185.66666666666666,7.93218382476636,0.9955987889511807,0.11832198827880834,0.5918993977737512,29.28181450839777,2.838495527253399,0.3008900703536541,0.8554152717050494
ecovisor_proxy,20.0,high,6,30,52.56551987622491,2.448741768601888,3.0415750840097333,0.773369774959293,8.293472222222219,1.8268955946001955,234.93333333333334,58.74370594800559,157.4,12.598850522280141,0.8762709880566552,0.2767468197447605,0.653746192547969,21.021165201326397,4.5084407580632035,0.3339613715135001,1.4170068565119933
carbon,20.0,high,6,30,53.740768622620784,2.351737638137872,3.7192126676444563,1.0546212526765222,10.997499999999999,3.021177962902037,219.3,60.82544272554554,133.4,19.542350121616945,0.8415585057781289,0.377391368480654,1.0811146494057151,21.766105139999606,6.993140179005305,0.40285433750090544,1.7293976695583257
fcfs,20.0,high,6,30,56.28776515629981,3.9749994094310206,4.065765835573645,1.0755874433234838,9.730416666666665,1.8766260988398147,0.0,0.0,130.13333333333333,19.295762145652844,1.4224352705085213,0.3848940234480198,0.6715420249404909,0.0,6.90489980506652,0.43253917896746785,1.8858298416099386
